P,leaf_part,P
0.0,1,0.0
0.0,1,9.199999999999998
0.0,1,0.0
0.0,1,9.199999999999998
0.0,2,2.1886490266345406
-3.3499341653945875,2,4.526601038615421
0.0,3,2.1886490266345406
3.3499341653945875,3,4.526601038615421
