P,leaf_part,P
0.0,0,0.0
-1.8237725573722172,0,1.7910718986622718
-3.0098531021496333,0,3.479278096649933
-3.3499341653945875,0,4.526601038615421
-2.920535085985656,0,5.091573431718504
-1.3434457873492673,0,5.916234467754389
0.0,0,9.199999999999998
1.3434457873492673,0,5.916234467754389
2.920535085985655,0,5.091573431718503
3.3499341653945875,0,4.526601038615421
3.0098531021496333,0,3.479278096649933
1.8237725573722172,0,1.7910718986622718
